{
  "counts": {
    "real": 1000,
    "fake": 512,
    "pairs": 512
  },
  "PSNR_mean": 31.518642397822894,
  "PSNR_std": 0.3140512571540213,
  "SSIM_mean": 0.6688987353361462,
  "SSIM_std": 0.04378105603988376,
  "PSNR_3D_mean": 15.510215454114062,
  "PSNR_3D_std": 1.3869794935831503,
  "global_FID": 115.95632935430281,
  "global_KID_mean": 0.10446985065937042,
  "global_KID_std": 0.001286652754060924,
  "per_class": {
    "0": {
      "fid": 135.07575789071106
    },
    "1": {
      "fid": 132.1580231681735
    },
    "2": {
      "fid": 158.5464451719797
    },
    "3": {
      "fid": 164.03196060765637
    },
    "4": {
      "fid": 178.46393680865026
    },
    "5": {
      "fid": 125.98307570031676
    },
    "6": {
      "fid": 137.7140929028106
    },
    "7": {
      "fid": 101.82947381582912
    }
  }
}