{
  "counts": {
    "real": 1000,
    "fake": 512,
    "pairs": 1024
  },
  "PSNR_mean": 31.51864239782289,
  "PSNR_std": 0.3140512571540213,
  "SSIM_mean": 0.6688987353361462,
  "SSIM_std": 0.043781056039883755,
  "LPIPS_mean": 0.3598253703676164,
  "LPIPS_std": 0.0631304575992108,
  "PSNR_3D_mean": 15.510215454114064,
  "PSNR_3D_std": 1.3869794935831503,
  "global_FID": 115.95632935430281,
  "global_KID_mean": 0.10446985065937042,
  "global_KID_std": 0.001286652754060924,
  "per_class": {}
}